,feature_1,feature_2,label
0,-3.707133217665975,8.550138686538778,0
1,7.347506944166294,4.607674814027989,1
2,-3.870154434365707,9.291592602472987,0
3,6.695029236214326,6.715152140575601,1
4,5.208528672738425,5.241026569646802,1
5,-1.6057086092817152,12.859377544363245,0
6,5.331605834553149,4.041127806530792,1
7,0.7632202585627699,2.1445771209558004,1
8,-3.489468005883144,5.355498757868025,0
9,-4.607241431109347,8.241255188570285,0
10,-2.3403771113329404,5.45241566266468,0
11,1.5475020590328965,-1.327971848769959,1
12,-3.6828835878901307,10.370686237163234,0
13,-5.829662745298826,9.50643921787113,0
14,2.9398170322818746,2.5538039268432406,1
15,2.6817456053875084,1.168015893426543,1
16,4.790454361080667,8.131274965153947,1
17,1.9626475910753207,3.179350722048695,1
18,4.7854006323431015,-0.8842560606358258,1
19,-2.2797956817139946,4.04536384169609,0
20,5.175113196553611,-1.1411772628392383,1
21,4.158976424275295,2.7270380397747633,1
22,6.617458703835719,-0.30029895304611554,1
23,7.048319159338906,3.0051220012819777,1
24,5.28958582184916,3.9277268633840077,1
25,1.4388344157157285,10.932872951080594,0
26,4.447124562692841,2.826049620982342,1
27,-0.47788306706725514,12.404886199625379,0
28,5.9447327502703455,2.715631367023697,1
29,3.9782367531332112,8.77359260041478,1
30,-3.09458105986109,8.42894373582537,0
31,-6.205502598971319,7.21467560721155,0
32,-5.386681566608507,9.953531174062501,0
33,1.1549242992511348,8.449845376981983,0
34,-1.6501518991315967,4.606685739791486,0
35,6.107021570728778,7.449308748465678,1
36,5.072831150856056,2.9364631332628237,1
37,-1.6810390445438403,11.45314894600422,0
38,-4.530431630285719,7.7598935192369805,0
39,-1.9870386355408618,4.1151108184988825,0
40,-0.663031173064224,9.442706831173247,0
41,6.673671879652275,-1.103991107144156,1
42,2.2031746606597977,3.940881193296862,1
43,5.8229728976619635,1.7910974022985502,1
44,4.026408546220925,0.08882927304700816,1
45,1.1855374888010402,7.718610582514203,0
46,-2.598762720827629,12.925895267733337,0
47,-1.76889693039131,9.666924308648046,0
48,-5.275035058067821,6.023769567996645,0
49,1.66162009322148,3.6145537055253065,1
50,4.6723835659228685,5.607004876834024,1
51,-6.821492204335332,7.60856730509589,0
52,-3.667741855083906,7.8499617442726795,0
53,5.534347237098809,3.3751309998613177,1
54,-1.904291944137665,4.231085516553827,0
55,6.204047205640617,-0.1697242070999745,1
56,-2.2665037496826494,11.435898604530545,0
57,5.283754813035012,1.787054894525314,1
58,2.4160927621642934,-0.06635602847286393,1
59,-1.6051075604336649,7.401486741685511,0
60,-2.2915799524573224,8.266767752033653,0
61,4.081221872913474,3.7581709191709622,1
62,-3.833598132470347,10.297454710981711,0
63,-0.15704920201950223,1.9068849953176898,1
64,7.536367783746611,-0.07853611193854437,1
65,2.4302352457252687,2.357482448804552,1
66,9.355343589254428,2.4096142160203295,1
67,-6.047624478178786,7.962672821284924,0
68,0.6211707498250325,2.4347543302714927,1
69,5.266110962092792,2.839290207683171,1
70,-3.660794550452219,11.65709169374561,0
71,2.1635380234013804,0.5574253599338022,1
72,9.304315114089992,3.157751986220201,1
73,7.496935872515653,3.8530022656576675,1
74,3.5235914560605486,4.114166669749412,1
75,4.2366645570630785,2.983296825977078,1
76,4.8890072489472045,0.7144805486502339,1
77,-2.689222927003585,11.523118372928382,0
78,2.3413182506435937,5.848005696484581,1
79,-2.542940684897585,6.37000880580857,0
80,5.372560019474804,0.1872911388748124,1
81,-4.013464153626242,13.644981589470666,0
82,-0.4528353427947778,5.9621770032707655,0
83,-4.779257811855778,5.483526874860093,0
84,1.9841195519128392,3.157150760528686,1
85,-2.7983183290233513,8.261526889225099,0
86,-4.264330357746131,8.1951307617039,0
87,-9.058560383277111,11.069042389136381,0
88,4.553099411964993,-0.9485254101080982,1
89,-5.041275423888809,9.799904459686505,0
90,8.146864613568349,-1.53145797303997,1
91,-4.010794347849762,8.28505175371513,0
92,-1.6989876995657627,8.05158042715753,0
93,-4.201502623817647,10.543476850300491,0
94,-3.365983914369674,7.008592955144274,0
95,0.06830118318712719,11.342486425988819,0
96,-0.22069232879756484,9.836163902347533,0
97,2.522894541057089,-1.8139483777739294,1
98,-3.05837734264653,9.907067556977687,0
99,-2.4964139814465978,8.427818294760455,0
